,name,github_id,category,description,github_url,homepage,license,created_at,updated_at,last_commit_pushed_at,commit_count,recent_commit_count,fork_count,watchers_count,pr_count,open_issue_count,closed_issue_count,star_count,latest_stable_release_published_at,latest_stable_release_number,github_release_downloads,monthly_downloads,release_count,dependent_project_count,github_dependent_project_count,contributor_count,projectrank,show,projectrank_placing,new_addition,trending,labels,updated_github_id
0,mujoco,google-deepmind/mujoco,simulators,"Multi-Joint dynamics with Contact (MuJoCo) is a physics engine for fast, accurate robot simulation and optimization.",https://github.com/google-deepmind/mujoco,https://github.com/google-deepmind/mujoco,Apache-2.0,2021-08-27 12:25:48,2025-08-21 17:47:02,2025-08-21 17:44:05,3335.0,309.0,1085.0,116.0,333.0,120.0,1616.0,10414.0,2025-08-08 23:02:07,3.3.5,688823.0,14974.0,40.0,4688.0,4688.0,92.0,37,True,1.0,True,,,
1,px4,PX4/PX4-Autopilot,drones,PX4 is an open source flight control software for drones and other unmanned vehicles.,https://github.com/PX4/PX4-Autopilot,https://github.com/PX4/PX4-Autopilot,BSD-3-Clause,2012-08-04 21:19:36,2025-08-21 16:18:45,2025-08-21 14:46:06,47788.0,578.0,13357.0,467.0,17174.0,1570.0,6691.0,9974.0,2025-08-06 17:26:44,1.16.0,174854.0,1575.0,100.0,,,980.0,35,True,1.0,,35.0,,
2,open3d,isl-org/Open3D,libraries-frameworks,An open-source library that supports rapid development of software that deals with 3D data.,https://github.com/isl-org/Open3D,https://github.com/isl-org/Open3D,,2016-12-02 16:40:38,2025-08-14 20:23:52,2025-08-04 21:15:26,4199.0,20.0,2364.0,201.0,2792.0,1252.0,2783.0,12683.0,2025-01-08 07:31:27,0.19.0,670926.0,7454.0,23.0,14539.0,14539.0,267.0,34,False,1.0,,,"['cpp', 'python', 'mit']",
3,rerun,rerun-io/rerun,libraries-frameworks,An SDK for logging computer vision and robotics data paired with a visualizer for exploring that data over time.,https://github.com/rerun-io/rerun,https://github.com/rerun-io/rerun,Apache-2.0,2022-04-08 07:30:05,2025-08-21 16:31:09,2025-08-21 14:17:54,6489.0,530.0,501.0,71.0,6723.0,1350.0,2741.0,9089.0,2025-08-07 16:00:22,0.24.1,152602.0,5086.0,50.0,213.0,213.0,110.0,34,True,1.0,,,"['mit', 'apache']",
4,ardupilot,ArduPilot/ardupilot,drones,"Open Source autopilot for multirotors, fixed wings, rovers, boats and submarines.",https://github.com/ArduPilot/ardupilot,https://github.com/ArduPilot/ardupilot,GPL-3.0,2013-01-09 00:58:52,2025-08-21 03:18:18,2025-08-21 03:18:18,69209.0,1317.0,18371.0,672.0,23598.0,1556.0,5789.0,13356.0,2025-07-18 04:52:58,Plane-4.6.2,,,82.0,,,1205.0,33,True,3.0,,33.0,,
5,airsim,microsoft/AirSim,simulators,"A simulator for drones, cars and more, built on Unreal Engine and made by Microsoft.",https://github.com/microsoft/AirSim,https://github.com/microsoft/AirSim,,2017-02-14 00:52:29,2025-05-15 20:28:58,2025-05-15 20:28:57,3561.0,,4439.0,593.0,907.0,674.0,2730.0,17421.0,2022-07-18 20:11:48,1.8.1,641984.0,6757.0,30.0,427.0,427.0,243.0,30,False,2.0,,,['mit'],
6,lerobot,huggingface/lerobot,libraries-frameworks,"Developed by Hugging Face, LeRobot provides models, datasets and tools for real-world robotics in PyTorch.",https://github.com/huggingface/lerobot,https://github.com/huggingface/lerobot,Apache-2.0,2024-01-26 15:50:41,2025-08-21 15:40:18,2025-08-20 15:24:05,940.0,138.0,2298.0,135.0,1127.0,415.0,225.0,16763.0,2025-08-06 18:41:21,0.3.3,21.0,21.0,2.0,103.0,103.0,108.0,29,True,1.0,,,"['python', 'apache']",
7,dora,dora-rs/dora,middleware,Middleware designed to streamline and simplify the creation of AI-based robotic applications.,https://github.com/dora-rs/dora,https://github.com/dora-rs/dora,Apache-2.0,2022-02-17 21:33:07,2025-08-21 16:58:21,2025-08-19 09:28:32,3889.0,323.0,204.0,37.0,775.0,72.0,152.0,2415.0,2025-06-30 14:19:38,0.3.12,4527.0,137.0,62.0,44.0,44.0,57.0,29,True,1.0,,,['apache'],
8,webots,cyberbotics/webots,simulators,"Free and open source simulator that includes a large collection of robots, sensors, actuators and objects models.",https://github.com/cyberbotics/webots,https://github.com/cyberbotics/webots,Apache-2.0,2018-11-05 14:09:10,2025-08-21 06:27:22,2025-08-20 06:09:44,15727.0,23.0,1791.0,74.0,4657.0,219.0,1653.0,3732.0,2025-02-04 12:36:33,R2025a,1686728.0,21084.0,17.0,,,139.0,28,True,2.0,,28.0,,
9,pinocchio,stack-of-tasks/pinocchio,libraries-frameworks,A fast and flexible implementation of Rigid Body Dynamics algorithms and their analytical derivatives.,https://github.com/stack-of-tasks/pinocchio,https://github.com/stack-of-tasks/pinocchio,BSD-2-Clause,2014-10-07 15:42:51,2025-08-20 19:57:40,2025-08-20 19:57:33,9718.0,135.0,425.0,65.0,1351.0,92.0,1055.0,2629.0,2025-05-21 12:58:04,3.7.0,76707.0,618.0,87.0,,,98.0,27,True,2.0,,,['cpp'],
10,open-mct,nasa/openmct,gui-tools,Open MCT (Open Mission Control Technologies) is a next-generation mission control framework for visualization of data..,https://github.com/nasa/openmct,https://github.com/nasa/openmct,,2015-06-02 18:40:28,2025-08-21 00:17:02,2025-08-14 18:48:54,8074.0,5.0,1291.0,271.0,4092.0,906.0,2931.0,12553.0,2025-02-04 21:39:34,4.1.0,809.0,7.0,66.0,174.0,174.0,104.0,26,False,1.0,,,['apache'],
11,plotjuggler,facontidavide/PlotJuggler,ros,"QT5 based application to display time series in plots, using an intuitive drag and drop interface.",https://github.com/facontidavide/PlotJuggler,https://github.com/facontidavide/PlotJuggler,MPL-2.0,2016-03-01 21:05:42,2025-08-20 09:40:47,2025-08-18 06:25:11,2408.0,68.0,648.0,90.0,359.0,182.0,536.0,5282.0,2025-07-26 11:28:18,3.10.11,79060.0,718.0,69.0,,,119.0,26,True,1.0,,,['ros'],
12,donkeycar,autorope/donkeycar,open-source-robots,"DIY self-driving platform for small scale cars. Requires an R/C car, Raspberry Pi and is programmed in Python.",https://github.com/autorope/donkeycar,https://github.com/autorope/donkeycar,MIT,2016-12-10 06:35:09,2025-08-05 21:41:57,2025-08-04 21:19:12,2204.0,11.0,1193.0,159.0,747.0,95.0,371.0,3293.0,2025-08-05 21:41:57,5.2.0,,,19.0,,,137.0,25,True,1.0,,,"['python', 'mit']",
13,paparazzi,paparazzi/paparazzi,drones,Open-source drone hardware and software project encompassing autopilot systems and ground station software for..,https://github.com/paparazzi/paparazzi,https://github.com/paparazzi/paparazzi,GPL-2.0,2010-11-10 11:14:08,2025-08-21 07:50:37,2025-08-17 07:43:54,16550.0,56.0,929.0,162.0,2690.0,58.0,763.0,1615.0,2024-05-21 13:47:57,6.4.0_stable,12679.0,87.0,24.0,,,171.0,25,True,3.0,,25.0,,
14,crocoddyl,loco-3d/crocoddyl,libraries-frameworks,An optimal control library for robot control under contact sequence based on various efficient Differential Dynamic..,https://github.com/loco-3d/crocoddyl,https://github.com/loco-3d/crocoddyl,BSD-3-Clause,2019-06-04 11:46:13,2025-08-18 23:26:28,2025-08-18 23:26:20,6501.0,62.0,191.0,26.0,542.0,14.0,842.0,1053.0,2025-03-21 18:27:30,3.0.1,22718.0,315.0,20.0,,,59.0,25,True,2.0,,,['cpp'],
15,openpose,CMU-Perceptual-Computing-Lab/openpose,libraries-frameworks,"Real-time multi-person keypoint detection library for body, face, hands, and foot estimation.",https://github.com/CMU-Perceptual-Computing-Lab/openpose,https://github.com/CMU-Perceptual-Computing-Lab/openpose,,2017-04-24 14:06:31,2024-08-03 01:59:11,2024-08-03 01:40:45,716.0,,7777.0,916.0,263.0,337.0,1667.0,32934.0,2020-11-17 05:48:13,1.7.0,326642.0,3474.0,15.0,,,109.0,24,False,2.0,,,,
16,robotics-toolbox-python,petercorke/robotics-toolbox-python,libraries-frameworks,"This toolbox brings robotics-specific functionality to Python, leveraging Pythons advantages of portability, ubiquity..",https://github.com/petercorke/robotics-toolbox-python,https://github.com/petercorke/robotics-toolbox-python,MIT,2015-04-06 05:05:25,2024-09-03 22:16:41,2024-08-15 23:12:44,2636.0,,508.0,57.0,104.0,85.0,259.0,2695.0,2023-05-14 06:46:23,1.1.0,,,12.0,293.0,293.0,22.0,24,True,2.0,,,"['python', 'mit']",
17,mjbots-quad-a0,mjbots/moteus,open-source-robots,"The mjbots quad A0 is a small dynamic quadruped, like the MIT mini-Cheetah, but fully open source.",https://github.com/mjbots/moteus,https://github.com/mjbots/moteus,Apache-2.0,2019-03-08 02:43:21,2025-08-19 12:48:46,2025-08-19 12:48:46,1767.0,217.0,285.0,49.0,23.0,1.0,75.0,975.0,2025-07-22 14:26:29,0.1-20250721,3436.0,62.0,45.0,38.0,38.0,7.0,24,True,1.0,,,['apache'],
18,yarp,robotology/yarp,middleware,Yet Another Robot Platform middleware for robotics.,https://github.com/robotology/yarp,https://github.com/robotology/yarp,,2013-04-18 09:13:24,2025-08-21 09:58:13,2025-08-14 00:02:42,18812.0,122.0,206.0,59.0,1870.0,231.0,1065.0,571.0,2025-06-04 10:03:14,3.12.0,43400.0,355.0,86.0,,,113.0,24,False,2.0,,,,
19,pythonrobotics,AtsushiSakai/PythonRobotics,education,Python sample codes for robotics algorithms.,https://github.com/AtsushiSakai/PythonRobotics,https://github.com/AtsushiSakai/PythonRobotics,,2016-03-21 09:34:43,2025-08-19 16:09:57,2025-08-19 16:09:55,2160.0,31.0,6474.0,519.0,875.0,10.0,361.0,25709.0,,,,,,21.0,21.0,143.0,23,False,1.0,,,"['python', 'mit']",
20,nasa-open-source-rover,nasa-jpl/open-source-rover,open-source-robots,"A build-it-yourself, 6-wheel rover based on the rovers on Mars.",https://github.com/nasa-jpl/open-source-rover,https://github.com/nasa-jpl/open-source-rover,Apache-2.0,2018-06-29 23:57:16,2025-07-16 15:15:03,2025-07-16 15:15:03,994.0,5.0,1385.0,457.0,202.0,16.0,266.0,8872.0,2023-09-14 23:11:00,4.0.0,,,4.0,,,46.0,23,True,1.0,,,['apache'],
21,behaviortree-cpp,BehaviorTree/BehaviorTree.CPP,ros,Behavior Trees Library in C++.,https://github.com/BehaviorTree/BehaviorTree.CPP,https://github.com/BehaviorTree/BehaviorTree.CPP,MIT,2018-10-16 16:19:58,2025-07-20 09:07:26,2025-07-20 09:05:17,1483.0,11.0,742.0,74.0,334.0,64.0,533.0,3525.0,2025-04-24 07:37:16,4.7.0,,,26.0,,,138.0,23,True,1.0,,,"['cpp', 'mit']",
22,openbot,intel-isl/OpenBot,open-source-robots,$50 robot car that interfaces with smartphone for high level control.,https://github.com/ob-f/OpenBot,https://github.com/ob-f/OpenBot,MIT,2020-07-31 09:46:23,2025-05-29 08:18:44,2025-05-29 08:18:39,1189.0,3.0,569.0,148.0,297.0,30.0,170.0,3064.0,2025-03-03 04:38:57,0.8.0,14396.0,244.0,14.0,,,38.0,23,True,1.0,,,['mit'],ob-f/OpenBot
23,gtsam,borglab/gtsam,libraries-frameworks,"A BSD-licensed C++ library that implements sensor fusion for robotics and computer vision applications, including..",https://github.com/borglab/gtsam,https://github.com/borglab/gtsam,,2017-03-27 17:12:06,2025-08-21 18:57:51,2025-08-20 23:56:03,19521.0,354.0,824.0,63.0,1507.0,98.0,575.0,3038.0,2023-09-04 02:41:47,4.2,,,17.0,,,284.0,23,False,2.0,,,['cpp'],
24,kalman-and-bayesian-filters,rlabbe/Kalman-and-Bayesian-Filters-in-Python,education,"Kalman Filter book using Jupyter Notebook focusing on building intuition and experience, not formal proofs.",https://github.com/rlabbe/Kalman-and-Bayesian-Filters-in-Python,https://github.com/rlabbe/Kalman-and-Bayesian-Filters-in-Python,,2014-05-16 19:24:36,2024-08-07 13:19:15,2024-07-15 04:59:10,1440.0,,4149.0,474.0,192.0,119.0,215.0,18150.0,2020-10-13 23:41:46,2.0,,,2.0,20.0,20.0,111.0,22,False,2.0,,,['python'],
25,cartographer,googlecartographer/cartographer,libraries-frameworks,"2D and 3D SLAM library, supports multiple platforms and sensor configurations.",https://github.com/cartographer-project/cartographer,https://github.com/cartographer-project/cartographer,Apache-2.0,2016-08-02 06:55:43,2024-01-05 19:21:01,2024-01-05 19:05:32,1177.0,,2163.0,380.0,1307.0,224.0,438.0,7524.0,2021-03-11 11:10:16,2.0.0,,,5.0,,,57.0,22,False,2.0,,,"['cpp', 'apache']",cartographer-project/cartographer
26,ros,ros2/ros2,middleware,The Robot Operating System (ROS) is a set of software libraries and tools that help you build robot applications.,https://github.com/ros2/ros2,https://github.com/ros2/ros2,,2015-02-24 22:46:55,2025-08-20 19:26:25,2025-07-31 23:51:16,281.0,5.0,717.0,233.0,551.0,137.0,982.0,4457.0,2025-08-20 19:47:17,release-jazzy-20250820,505995.0,4252.0,99.0,,,54.0,22,False,3.0,,22.0,,
27,ompl,ompl/ompl,libraries-frameworks,OMPL consists of many state-of-the-art sampling-based motion planning algorithms.,https://github.com/ompl/ompl,https://github.com/ompl/ompl,,2014-05-20 14:22:59,2025-08-18 17:41:29,2025-08-18 16:07:31,4954.0,34.0,583.0,39.0,364.0,84.0,858.0,1810.0,2025-04-07 15:29:53,1.7.0,3030.0,32.0,9.0,,,108.0,22,False,2.0,,,['cpp'],
28,slam-toolbox,SteveMacenski/slam_toolbox,libraries-frameworks,A ROS package for 2D lifelong mapping and localization in potentially massive maps.,https://github.com/SteveMacenski/slam_toolbox,https://github.com/SteveMacenski/slam_toolbox,LGPL-2.1,2018-05-15 23:12:06,2025-08-13 18:25:24,2025-08-13 18:25:23,557.0,7.0,575.0,38.0,393.0,36.0,373.0,2064.0,2025-05-29 22:05:39,2.9.0,,,49.0,,,77.0,20,False,3.0,,,['ros'],
29,astrobee,nasa/astrobee,ros,NASA Astrobee Robot Software.,https://github.com/nasa/astrobee,https://github.com/nasa/astrobee,Apache-2.0,2017-08-29 23:16:13,2025-06-04 17:04:13,2024-07-03 20:22:46,551.0,,337.0,64.0,616.0,14.0,193.0,1181.0,2024-07-19 22:29:17,0.19.1,,,23.0,,,22.0,20,False,2.0,,,"['ros', 'apache']",
30,webviz,cruise-automation/webviz,ros,A web based application for playback and visualization of ROS bag files made by Cruise Automation.,https://github.com/cruise-automation/webviz,https://github.com/cruise-automation/webviz,Apache-2.0,2018-12-08 17:44:22,2022-12-17 00:27:21,2022-03-10 20:23:03,393.0,,421.0,56.0,541.0,127.0,106.0,2193.0,,,,,,49.0,49.0,28.0,19,False,2.0,,,"['ros', 'apache']",
31,roslibjs,RobotWebTools/roslibjs,ros,A standard ROS JavaScript library.,https://github.com/RobotWebTools/roslibjs,https://github.com/RobotWebTools/roslibjs,,2013-03-15 00:50:47,2025-08-19 05:36:55,2025-08-19 05:36:54,966.0,35.0,380.0,47.0,661.0,62.0,197.0,756.0,2023-12-04 21:14:22,1.4.1,310.0,2.0,7.0,42.0,42.0,73.0,19,False,2.0,,,"['ros', 'javascript']",
32,aerostack2,aerostack2/aerostack2,ros,Framework that helps developers design and build the control architecture of aerial robotic systems.,https://github.com/aerostack2/aerostack2,https://github.com/aerostack2/aerostack2,BSD-3-Clause,2022-12-09 10:04:25,2025-08-05 16:37:51,2025-07-23 18:03:54,1912.0,42.0,52.0,8.0,483.0,57.0,253.0,223.0,2025-07-23 18:23:32,1.1.3,,,12.0,,,18.0,19,True,2.0,,,"['ros', 'cpp']",
33,segment-anything,facebookresearch/segment-anything,libraries-frameworks,The Segment Anything Model (SAM) produces high quality object masks from input prompts such as points or boxes.,https://github.com/facebookresearch/segment-anything,https://github.com/facebookresearch/segment-anything,Apache-2.0,2023-03-23 17:03:03,2024-09-18 17:46:55,2024-09-18 17:46:55,49.0,,5962.0,320.0,123.0,525.0,178.0,51604.0,,,,,,,,16.0,18,True,3.0,,,['apache'],
34,openmower,ClemensElflein/OpenMower,open-source-robots,"An open-source, RTK-GPS enabled mower project.",https://github.com/ClemensElflein/OpenMower,https://github.com/ClemensElflein/OpenMower,,2022-01-26 15:24:24,2025-05-09 09:47:29,2025-05-09 09:43:12,359.0,,323.0,230.0,68.0,20.0,31.0,5648.0,2023-04-27 20:01:01,0.13.2,6346.0,167.0,11.0,,,14.0,18,False,2.0,,,,
35,wireviz,formatc1702/WireViz,electronics,"A tool for documenting cables, wiring harnesses and connector pinouts by describing them in YAML format.",https://github.com/wireviz/WireViz,https://github.com/wireviz/WireViz,GPL-3.0,2020-05-20 17:15:04,2025-03-08 09:36:35,2025-02-14 23:11:55,514.0,,246.0,83.0,169.0,142.0,160.0,4686.0,2024-07-13 14:22:50,0.1,302.0,23.0,7.0,,,23.0,18,True,1.0,,,['gpl'],wireviz/WireViz
36,ceres-solver,ceres-solver/ceres-solver,libraries-frameworks,"An open source C++ library for modeling and solving large, complicated optimization problems, used for bundle..",https://github.com/ceres-solver/ceres-solver,https://github.com/ceres-solver/ceres-solver,,2014-01-06 06:44:59,2025-08-17 15:27:05,2025-08-17 08:52:12,2241.0,15.0,1048.0,101.0,69.0,77.0,999.0,4205.0,,,,,,,,117.0,18,False,3.0,,,['cpp'],
37,robotics-library,roboticslibrary/rl,libraries-frameworks,"Self-contained C++ library for rigid body kinematics and dynamics, motion planning, and control.",https://github.com/roboticslibrary/rl,https://github.com/roboticslibrary/rl,BSD-2-Clause,2014-06-11 18:59:13,2025-04-15 21:15:32,2025-04-15 21:04:47,548.0,,227.0,44.0,9.0,51.0,42.0,1097.0,2018-01-01 17:19:21,0.7.0,9911.0,73.0,2.0,,,5.0,18,True,3.0,,,['cpp'],
38,pyrobosim,sea-bass/pyrobosim,simulators,ROS2 enabled 2D mobile robot simulator for behavior prototyping.,https://github.com/sea-bass/pyrobosim,https://github.com/sea-bass/pyrobosim,MIT,2022-01-17 13:04:18,2025-08-19 03:12:36,2025-08-19 03:12:26,516.0,32.0,60.0,16.0,268.0,6.0,117.0,342.0,2025-08-19 03:17:20,4.3.0,,,13.0,7.0,7.0,18.0,18,True,3.0,,,['python'],
39,exotica,ipab-slmc/exotica,libraries-frameworks,"A general Optimisation Toolset for Robotics platforms, written in C++ with bindings for Python.",https://github.com/ipab-slmc/exotica,https://github.com/ipab-slmc/exotica,BSD-3-Clause,2015-10-20 13:24:57,2024-08-14 21:33:43,2024-05-27 00:27:27,3506.0,,70.0,46.0,501.0,57.0,200.0,159.0,2020-02-10 19:31:47,5.1.2,,,3.0,,,23.0,18,False,3.0,,,"['cpp', 'python']",
40,awesome-llm-robotics,GT-RIPL/Awesome-LLM-Robotics,other,Awesome LLM robotics list.,https://github.com/GT-RIPL/Awesome-LLM-Robotics,https://github.com/GT-RIPL/Awesome-LLM-Robotics,BSD-3-Clause,2022-08-12 14:35:01,2025-07-24 14:52:26,2025-07-24 14:52:26,213.0,12.0,304.0,102.0,84.0,4.0,10.0,3921.0,,,,,,,,65.0,17,True,1.0,,,,
41,so-arm100,TheRobotStudio/SO-ARM100,open-source-robots,Open Source 3D printable low-cost robot arm for accessible end-to-end learning.,https://github.com/TheRobotStudio/SO-ARM100,https://github.com/TheRobotStudio/SO-ARM100,Apache-2.0,2024-05-10 22:07:52,2025-08-06 14:00:46,2025-08-06 14:00:45,212.0,23.0,229.0,41.0,65.0,39.0,18.0,2943.0,,,,,1.0,,,30.0,17,True,2.0,,,['apache'],
42,videoflow,videoflow/videoflow,libraries-frameworks,Python framework that facilitates the quick development of complex video analysis applications in a multiprocessing..,https://github.com/videoflow/videoflow,https://github.com/videoflow/videoflow,MIT,2019-04-15 19:47:22,2022-01-20 14:23:58,2022-01-20 14:23:58,507.0,,84.0,23.0,79.0,15.0,37.0,1028.0,2020-03-19 13:54:45,0.2.10,1810.0,24.0,15.0,6.0,6.0,16.0,17,False,3.0,,,"['python', 'mit']",
43,stmbl,rene-dev/stmbl,motor-control,AC Servo Driver for STM32F4.,https://github.com/rene-dev/stmbl,https://github.com/rene-dev/stmbl,GPL-3.0,2013-12-09 22:03:17,2023-08-23 21:51:51,2022-03-22 11:21:30,2597.0,,415.0,164.0,60.0,17.0,43.0,919.0,2018-12-03 18:12:20,0.9.18,1993.0,17.0,11.0,,,16.0,17,False,1.0,,,['gpl'],
44,turtlebot,turtlebot/turtlebot,open-source-robots,"A popular, low-cost, personal robot kit with open-source software, created at Willow Garage.",https://github.com/turtlebot/turtlebot,https://github.com/turtlebot/turtlebot,BSD-3-Clause,2012-09-24 08:46:38,2023-05-29 12:48:05,2021-03-21 01:33:25,1142.0,,299.0,46.0,104.0,29.0,167.0,319.0,,,,,,,,52.0,17,False,2.0,,,['ros'],
45,machine-learning-course,instillai/machine-learning-course,education,Freely available Machine Learning course using Python developed by Machine Learning Mindset.,https://github.com/instillai/machine-learning-course,https://github.com/instillai/machine-learning-course,,2019-02-15 00:23:19,2024-11-27 03:47:57,2024-11-27 03:47:56,362.0,,1218.0,304.0,33.0,1.0,3.0,7056.0,2019-12-19 18:03:50,1.0,,,1.0,20.0,20.0,10.0,16,False,3.0,,,['python'],
46,lio-sam,TixiaoShan/LIO-SAM,libraries-frameworks,A real-time lidar-inertial odometry package with very promising results for multi-beam LiDARS.,https://github.com/TixiaoShan/LIO-SAM,https://github.com/TixiaoShan/LIO-SAM,BSD-3-Clause,2020-07-01 03:44:07,2025-02-14 10:05:51,2023-04-17 18:58:27,146.0,,1339.0,75.0,54.0,151.0,348.0,4096.0,,,,,,,,12.0,16,False,3.0,,,['cpp'],
47,linorobot,linorobot/linorobot,open-source-robots,"ROS Compatible ground robots (2WD, 4WD, Ackermann Steering, Mecanum Drive).",https://github.com/linorobot/linorobot,https://github.com/linorobot/linorobot,BSD-2-Clause,2016-02-28 16:56:47,2023-05-10 19:54:23,2022-07-11 00:04:07,217.0,,347.0,60.0,15.0,26.0,43.0,1047.0,2018-11-06 02:51:26,1.4.0,,,9.0,,,5.0,16,False,2.0,,,['ros'],
48,copper,copper-project/copper-rs,middleware,Copper is a user-friendly runtime engine for creating fast and reliable robots - what a game engine is to games.,https://github.com/copper-project/copper-rs,https://github.com/copper-project/copper-rs,Apache-2.0,2020-08-27 13:59:54,2025-08-19 00:45:36,2025-08-19 00:44:18,730.0,73.0,54.0,9.0,352.0,18.0,52.0,824.0,,,,,,3.0,3.0,20.0,16,True,3.0,,,['apache'],
49,poppy-humanoid,poppy-project/poppy-humanoid,open-source-robots,An open-source and 3D printed humanoid robot.,https://github.com/poppy-project/poppy-humanoid,https://github.com/poppy-project/poppy-humanoid,,2015-01-09 10:23:33,2021-12-06 18:19:35,2021-12-06 18:19:35,275.0,,252.0,149.0,24.0,5.0,14.0,785.0,2020-11-03 20:20:31,3.0.0,40210.0,321.0,5.0,,,11.0,16,False,2.0,,,,
50,mvsim,MRPT/mvsim,simulators,"Lightweight, dynamical simulator for 2D vehicles and robots.",https://github.com/MRPT/mvsim,https://github.com/MRPT/mvsim,BSD-3-Clause,2014-08-10 00:24:05,2025-07-06 21:48:10,2025-07-06 21:47:54,1238.0,29.0,50.0,11.0,39.0,8.0,20.0,340.0,2024-05-09 10:28:56,0.9.4,,,8.0,,,9.0,16,True,3.0,,,['cpp'],
51,stanford-doggo,Nate711/StanfordDoggoProject,open-source-robots,Stanford Doggo is a highly agile robot designed to provide an accessible platform for legged robot research.,https://github.com/Nate711/StanfordDoggoProject,https://github.com/Nate711/StanfordDoggoProject,MIT,2018-09-13 04:43:31,2024-07-08 02:08:11,2024-07-08 02:08:11,35.0,,723.0,189.0,2.0,10.0,44.0,2466.0,2019-05-25 04:58:25,1.0,,,1.0,,,3.0,15,False,3.0,,,['mit'],
52,flightmare,uzh-rpg/flightmare,simulators,An Open Flexible Quadrotor Simulator.,https://github.com/uzh-rpg/flightmare,https://github.com/uzh-rpg/flightmare,,2020-07-14 12:40:25,2024-06-14 15:36:57,2023-05-15 08:41:51,139.0,,361.0,36.0,37.0,113.0,60.0,1194.0,2020-12-01 16:59:05,0.0.5,5568.0,92.0,5.0,,,7.0,15,False,3.0,,,['mit'],
53,best-of-robot-simulators,knmcguire/best-of-robot-simulators,other,Best of robot simulators list.,https://github.com/knmcguire/best-of-robot-simulators,https://github.com/knmcguire/best-of-robot-simulators,CC-BY-SA-4.0,2025-04-09 08:06:08,2025-08-20 14:36:43,2025-08-20 14:36:38,155.0,19.0,51.0,12.0,72.0,19.0,111.0,861.0,2025-08-20 14:37:41,2025.08.20,,,20.0,,,8.0,15,True,1.0,,,,
54,quad-sdk,robomechanics/quad-sdk,ros,ROS-based framework for agile quadrupedal locomotion.,https://github.com/robomechanics/quad-sdk,https://github.com/robomechanics/quad-sdk,MIT,2020-08-30 19:19:34,2025-08-21 03:20:45,2024-04-25 19:45:58,150.0,,146.0,23.0,196.0,7.0,234.0,854.0,,,,,,,,12.0,15,False,2.0,,,"['ros', 'mit']",
55,fields2cover,Fields2Cover/Fields2Cover,libraries-frameworks,A modular and extensible Coverage Path Planning library.,https://github.com/Fields2Cover/Fields2Cover,https://github.com/Fields2Cover/Fields2Cover,BSD-3-Clause,2022-06-08 03:01:32,2025-05-21 13:22:33,2025-04-22 23:14:16,487.0,,131.0,18.0,72.0,19.0,107.0,643.0,2023-11-14 22:19:03,1.2.1,188.0,8.0,2.0,,,23.0,15,True,3.0,,,['cpp'],
56,open-duck-mini,apirrone/Open_Duck_Mini,open-source-robots,A miniaturized version of Disneys BDX droid.,https://github.com/apirrone/Open_Duck_Mini,https://github.com/apirrone/Open_Duck_Mini,Apache-2.0,2024-05-16 14:03:25,2025-06-18 14:18:58,2025-06-18 14:18:57,301.0,1.0,245.0,49.0,7.0,7.0,15.0,1940.0,,,,,,,,3.0,14,True,3.0,,,['apache'],
57,awesome-ros2,fkromer/awesome-ros2,other,Awesome ROS 2 list.,https://github.com/fkromer/awesome-ros2,https://github.com/fkromer/awesome-ros2,,2017-10-02 08:50:00,2023-08-18 07:40:50,2023-08-18 07:40:50,328.0,,300.0,84.0,47.0,,,1892.0,,,,,,8.0,8.0,44.0,14,False,2.0,,,,
58,ros-robotics-companies,vmayoral/ros-robotics-companies,other,A list of companies using ROS 1 or ROS 2.,https://github.com/vmayoral/ros-robotics-companies,https://github.com/vmayoral/ros-robotics-companies,,2022-05-19 08:24:38,2025-07-21 13:45:13,2025-07-21 13:45:12,728.0,6.0,199.0,50.0,90.0,,11.0,1555.0,,,,,,,,72.0,14,False,2.0,,,,
59,isaac-sim,isaac-sim/IsaacSim,simulators,"Proprietary simulator from NVIDIA with advanced physics, AI-based features, and GPU-accelerated capabilities.",https://github.com/isaac-sim/IsaacSim,https://github.com/isaac-sim/IsaacSim,,2025-05-28 18:38:18,2025-08-15 22:40:12,2025-08-15 22:34:10,28.0,28.0,158.0,15.0,6.0,49.0,65.0,1310.0,2025-08-08 17:46:39,5.0.0,,,1.0,,,5.0,14,False,3.0,,,,
60,wavemap,ethz-asl/wavemap,ros,"Fast, efficient and accurate multi-resolution, multi-sensor 3D occupancy mapping.",https://github.com/ethz-asl/wavemap,https://github.com/ethz-asl/wavemap,BSD-3-Clause,2021-10-27 17:07:14,2024-12-30 18:41:05,2024-12-10 14:12:04,1315.0,,50.0,19.0,53.0,8.0,20.0,519.0,2024-12-10 14:19:28,2.2.1,126.0,5.0,22.0,,,8.0,14,True,2.0,,,"['ros', 'cpp']",
61,sawppy-rover,Roger-random/Sawppy_Rover,open-source-robots,A 3D printed motorized model of Mars rovers Curiosity and Mars 2020 that can be built on $500 budget.,https://github.com/Roger-random/Sawppy_Rover,https://github.com/Roger-random/Sawppy_Rover,MIT,2018-04-16 06:28:52,2025-08-01 20:59:01,2025-08-01 20:59:00,291.0,24.0,83.0,37.0,26.0,,14.0,463.0,,,,,,,,10.0,14,True,3.0,,,['mit'],
62,web-video-server,RobotWebTools/web_video_server,ros,HTTP Streaming of ROS Image Topics in Multiple Formats.,https://github.com/RobotWebTools/web_video_server,https://github.com/RobotWebTools/web_video_server,BSD-3-Clause,2014-10-20 18:20:51,2025-07-01 17:24:45,2025-07-01 17:24:45,109.0,2.0,183.0,30.0,101.0,21.0,67.0,324.0,,,,,,,,27.0,14,True,2.0,,,['ros'],
63,kiloreux-awesome-robotics,kiloreux/awesome-robotics,other,Awesome robotics list by kiloreux.,https://github.com/kiloreux/awesome-robotics,https://github.com/kiloreux/awesome-robotics,,2015-11-26 16:53:05,2024-09-22 20:24:10,2024-09-22 20:24:10,83.0,,807.0,226.0,66.0,4.0,5.0,5129.0,,,,,,,,34.0,13,False,2.0,,,,
64,awesome-robotic-tooling,Ly0n/awesome-robotic-tooling,other,Awesome robotic tooling list.,https://github.com/Ly0n/awesome-robotic-tooling,https://github.com/Ly0n/awesome-robotic-tooling,CC0-1.0,2019-10-24 15:32:17,2023-11-20 07:13:29,2023-04-30 10:25:14,1059.0,,491.0,112.0,48.0,2.0,2.0,3564.0,,,,,,,,30.0,13,False,2.0,,,,
65,jslee02-awesome-robotics-libraries,jslee02/awesome-robotics-libraries,other,Awesome robotics libraries list by jslee02.,https://github.com/jslee02/awesome-robotics-libraries,https://github.com/jslee02/awesome-robotics-libraries,CC0-1.0,2016-04-16 20:44:29,2025-05-27 16:09:54,2025-05-27 16:09:54,349.0,1.0,420.0,126.0,48.0,2.0,3.0,2623.0,,,,,,,,36.0,13,False,2.0,,,,
66,kimera,MIT-SPARK/Kimera,libraries-frameworks,C++ library for real-time metric-semantic simultaneous localization and mapping.,https://github.com/MIT-SPARK/Kimera,https://github.com/MIT-SPARK/Kimera,BSD-2-Clause,2019-09-16 02:04:14,2021-01-30 22:12:14,2021-01-30 22:12:12,45.0,,234.0,61.0,8.0,2.0,10.0,1956.0,,,,,,,,3.0,13,False,3.0,,,['cpp'],
67,stanford-quadruped,stanfordroboticsclub/StanfordQuadruped,open-source-robots,A low cost quadruped robot with the BoM coming to around $600-900 depending on components.,https://github.com/stanfordroboticsclub/StanfordQuadruped,https://github.com/stanfordroboticsclub/StanfordQuadruped,MIT,2020-01-27 04:17:50,2024-10-24 01:56:53,2024-07-03 03:53:32,60.0,,402.0,94.0,13.0,21.0,8.0,1601.0,,,,,,,,3.0,13,False,3.0,,,['mit'],
68,rosshow,dheera/rosshow,ros,Visualize ROS topics inside a terminal with Unicode/ASCII art.,https://github.com/dheera/rosshow,https://github.com/dheera/rosshow,BSD-3-Clause,2017-05-06 00:24:02,2024-06-21 05:22:00,2024-06-21 05:21:36,179.0,,85.0,22.0,18.0,5.0,7.0,1105.0,,,,,,,,11.0,13,False,3.0,,,"['ros', 'python']",
69,voxgraph,ethz-asl/voxgraph,ros,Globally consistent volumetric mapping framework representing the world as a collection of Signed Distance Function..,https://github.com/ethz-asl/voxgraph,https://github.com/ethz-asl/voxgraph,BSD-2-Clause,2019-05-23 11:46:36,2022-05-06 21:58:18,2021-11-23 17:40:03,296.0,,66.0,46.0,37.0,12.0,29.0,542.0,,,,,,,,7.0,13,False,3.0,,,"['ros', 'cpp']",
70,lama,iris-ua/iris_lama,libraries-frameworks,A lightweight Localization and Mapping library that should run on Raspberry Pi 3B+.,https://github.com/iris-ua/iris_lama,https://github.com/iris-ua/iris_lama,BSD-3-Clause,2019-10-01 12:52:04,2024-03-11 19:28:20,2024-03-11 19:28:08,82.0,,74.0,21.0,11.0,7.0,20.0,346.0,2022-09-02 13:07:40,1.3.1,,,4.0,,,5.0,13,False,3.0,,,['cpp'],
71,smacc,reelrbtx/SMACC,ros,"An event-driven, asynchronous, behavioral state machine library for real-time ROS applications written in C++.",https://github.com/robosoft-ai/SMACC,https://github.com/robosoft-ai/SMACC,BSD-3-Clause,2018-08-10 07:47:20,2023-04-24 20:56:56,2023-04-24 20:56:56,1395.0,,49.0,14.0,55.0,5.0,62.0,321.0,,,,,,,,13.0,13,False,3.0,,,"['ros', 'cpp']",robosoft-ai/SMACC
72,pedro,almtzr/Pedro,open-source-robots,"A small, 3D-printed robotic manipulator with 3 Degrees of Freedom.",https://github.com/almtzr/Pedro,https://github.com/almtzr/Pedro,Apache-2.0,2024-01-08 13:40:54,2025-08-21 18:09:43,2025-08-21 18:09:37,541.0,62.0,9.0,11.0,,2.0,3.0,120.0,2025-07-31 10:20:20,V2.1,,,2.0,,,2.0,13,True,3.0,,,['apache'],
73,hector-slam,tu-darmstadt-ros-pkg/hector_slam,libraries-frameworks,Hector SLAM contains ROS packages related to performing SLAM in unstructured environments.,https://github.com/tu-darmstadt-ros-pkg/hector_slam,https://github.com/tu-darmstadt-ros-pkg/hector_slam,,2013-05-14 08:06:47,2025-05-30 14:14:40,2025-05-30 14:14:40,304.0,1.0,447.0,69.0,30.0,22.0,62.0,688.0,,,,,,,,27.0,12,False,3.0,,,['ros'],
74,dexter,HaddingtonDynamics/Dexter,open-source-robots,Open Source industrial robotics arm project.,https://github.com/HaddingtonDynamics/Dexter,https://github.com/HaddingtonDynamics/Dexter,GPL-3.0,2018-03-06 01:22:14,2024-06-17 20:05:36,2022-06-08 17:18:45,276.0,,88.0,51.0,14.0,44.0,58.0,411.0,,,82.0,1.0,3.0,,,6.0,12,False,3.0,,,['gpl'],
75,scuttle,scuttlerobot/SCUTTLE,open-source-robots,Open source differential-drive robot designed to support teaching within Multidisciplinary Engineering Technology.,https://github.com/scuttlerobot/SCUTTLE,https://github.com/scuttlerobot/SCUTTLE,CC-BY-SA-4.0,2018-10-24 17:06:53,2024-03-21 22:49:01,2024-03-21 22:49:01,1586.0,,22.0,11.0,6.0,5.0,57.0,81.0,,,,,,,,12.0,12,False,3.0,,,['mit'],
76,diy-cnc-machine,maxvfischer/DIY-CNC-machine,manufacturing,A very thorough DIY build of a CNC machine based on a Makita router with a very permissive licence.,https://github.com/maxvfischer/DIY-CNC-machine,https://github.com/maxvfischer/DIY-CNC-machine,,2021-06-12 04:37:38,2022-02-04 20:34:14,2022-02-04 20:34:09,212.0,,96.0,42.0,1.0,1.0,7.0,1497.0,,,,,,,,,11,False,1.0,,,,
77,awesome-robotics-projects,mjyc/awesome-robotics-projects,other,Awesome robotics projects list.,https://github.com/mjyc/awesome-robotics-projects,https://github.com/mjyc/awesome-robotics-projects,CC0-1.0,2019-12-11 16:57:53,2025-08-09 23:21:21,2025-08-09 23:21:20,96.0,4.0,127.0,30.0,8.0,,10.0,995.0,,,,,,,,5.0,11,False,3.0,,,,
78,xivo,ucla-vision/xivo,libraries-frameworks,A library for visual-inertial odometry and mapping.,https://github.com/ucla-vision/xivo,https://github.com/ucla-vision/xivo,,2019-08-19 19:28:44,2023-02-24 21:57:05,2023-02-24 21:56:56,647.0,,119.0,37.0,24.0,14.0,35.0,879.0,2021-03-30 17:17:10,icra2021,,,1.0,,,6.0,11,False,3.0,,,['cpp'],
79,lekiwi,SIGRobotics-UIUC/LeKiwi,open-source-robots,Small omnidirectional robot with an SO-ARM100 attached to it.,https://github.com/SIGRobotics-UIUC/LeKiwi,https://github.com/SIGRobotics-UIUC/LeKiwi,Apache-2.0,2025-02-04 22:01:58,2025-07-15 19:07:27,2025-07-15 19:07:27,95.0,3.0,93.0,11.0,11.0,5.0,7.0,867.0,,,,,,,,8.0,11,True,3.0,,,['apache'],
80,faze4,PCrnjak/Faze4-Robotic-arm,open-source-robots,Small fully 3D printable open source 6 axis robotic arm for research and education.,https://github.com/PCrnjak/Faze4-Robotic-arm,https://github.com/PCrnjak/Faze4-Robotic-arm,MIT,2019-08-20 11:44:19,2025-08-09 12:35:23,2024-03-25 08:47:13,77.0,,139.0,57.0,4.0,,8.0,729.0,,,,,,,,2.0,11,False,3.0,,,['mit'],
81,rpg-quadrotor-control,uzh-rpg/rpg_quadrotor_control,ros,A complete framework for flying quadrotors based on control algorithms developed by the Robotics and Perception Group..,https://github.com/uzh-rpg/rpg_quadrotor_control,https://github.com/uzh-rpg/rpg_quadrotor_control,,2017-12-15 16:51:51,2021-09-20 15:15:49,2021-02-25 12:50:09,237.0,,200.0,52.0,76.0,25.0,17.0,664.0,,,,,,,,12.0,11,False,3.0,,,['ros'],
82,allan-variance-ros,ori-drs/allan_variance_ros,ros,ROS package which loads a rosbag of IMU data and computes Allan Variance parameters.,https://github.com/ori-drs/allan_variance_ros,https://github.com/ori-drs/allan_variance_ros,BSD-3-Clause,2021-11-12 15:11:18,2025-01-23 18:57:56,2025-01-23 18:57:56,57.0,,101.0,18.0,21.0,14.0,21.0,579.0,,,,,,,,8.0,11,True,3.0,,,['ros'],
83,mars-rover,jakkra/Mars-Rover,open-source-robots,Curiosity/Perseverance inspired Rover with open source hardware and software.,https://github.com/jakkra/Mars-Rover,https://github.com/jakkra/Mars-Rover,MIT,2019-08-18 15:09:32,2022-10-29 09:09:22,2022-10-29 09:08:27,65.0,,103.0,39.0,2.0,6.0,20.0,548.0,,,,,,,,,11,False,3.0,,,"['cpp', 'mit']",
84,mushr,prl-mushr/mushr,open-source-robots,An open-source robotic hardware and software platform for learning and researching AI in autonomous vehicles and..,https://github.com/prl-mushr/mushr,https://github.com/prl-mushr/mushr,BSD-3-Clause,2019-07-02 18:03:04,2024-08-26 21:52:49,2022-02-10 18:19:32,278.0,,60.0,10.0,18.0,,9.0,177.0,,,,,,,,13.0,11,False,3.0,,,['ros'],
85,ahundt-awesome-robotics,ahundt/awesome-robotics,other,Awesome robotics list by ahundt.,https://github.com/ahundt/awesome-robotics,https://github.com/ahundt/awesome-robotics,,2017-05-12 01:58:27,2024-01-10 07:45:21,2023-03-19 14:06:51,102.0,,163.0,49.0,11.0,,1.0,1215.0,,,,,,,,5.0,10,False,3.0,,,,
86,continuum-robot-examples,JohnDTill/ContinuumRobotExamples,other,Continuum robots have elastic links which are capable of large-scale continuous deformations. This repo has example..,https://github.com/JohnDTill/ContinuumRobotExamples,https://github.com/JohnDTill/ContinuumRobotExamples,MIT,2018-12-12 17:31:23,2022-08-11 16:25:04,2022-08-11 16:25:04,55.0,,47.0,8.0,4.0,1.0,14.0,174.0,,,,,,,,3.0,10,False,3.0,,,['mit'],
87,pointcloudprinter,marian42/pointcloudprinter,manufacturing,Prepare pointclouds from aerial LIDAR scans for 3D printing.,https://github.com/marian42/pointcloudprinter,https://github.com/marian42/pointcloudprinter,MIT,2018-07-01 20:48:06,2021-01-17 00:58:10,2021-01-17 00:55:35,40.0,,13.0,9.0,,,,161.0,2021-01-17 00:58:10,1.3,403.0,4.0,4.0,,,,10,False,3.0,,,['mit'],
88,reachy,pollen-robotics/reachy,open-source-robots,A 7-DOF prosthesis robotic arm developed by Pollen Robotics.,https://github.com/pollen-robotics/reachy-2019,https://github.com/pollen-robotics/reachy-2019,,2019-07-23 13:02:02,2022-06-22 01:00:56,2021-06-14 09:30:57,309.0,,37.0,20.0,39.0,7.0,26.0,147.0,2021-03-23 11:20:48,1.4.0,74.0,1.0,11.0,,,9.0,10,False,3.0,,,,pollen-robotics/reachy-2019
89,robotics-501,michiganrobotics/rob501,education,"ROB 501: Mathematics for Robotics, a graduate-level course at the University of Michigan that introduces applied..",https://github.com/michiganrobotics/rob501,https://github.com/michiganrobotics/rob501,GPL-3.0,2022-01-26 14:04:45,2022-03-21 15:33:13,2022-03-21 15:33:03,10.0,,164.0,26.0,1.0,,1.0,1841.0,,,,,,,,2.0,9,False,3.0,,,,
90,race-stack,ForzaETH/race_stack,ros,Full stack for F1TENTH autonomous scaled cars based on ROS 1.,https://github.com/ForzaETH/race_stack,https://github.com/ForzaETH/race_stack,MIT,2024-02-19 15:07:06,2025-08-16 09:25:37,2025-08-16 09:25:33,57.0,1.0,32.0,5.0,16.0,1.0,13.0,136.0,,,,,,,,12.0,9,False,3.0,,,"['ros', 'mit']",
91,transitive,transitiverobotics/transitive,ros,"A full-stack framework for robotic capabilities that connect robot, cloud, and web.",https://github.com/transitiverobotics/transitive,https://github.com/transitiverobotics/transitive,Apache-2.0,2022-09-21 22:46:47,2025-08-18 22:03:20,2025-08-17 23:50:13,617.0,26.0,9.0,8.0,109.0,,2.0,111.0,,,,,,,,2.0,9,False,3.0,,,"['ros', 'apache']",
92,openshc,csiro-robotics/syropod_highlevel_controller,libraries-frameworks,A versatile multilegged robot controller capable of generating body poses and gaits for quasi-static multilegged robots.,https://github.com/csiro-robotics/syropod_highlevel_controller,https://github.com/csiro-robotics/syropod_highlevel_controller,,2020-05-08 10:59:54,2021-06-17 03:27:01,2021-06-17 03:26:54,638.0,,34.0,10.0,10.0,6.0,1.0,172.0,,,,,,,,19.0,8,False,3.0,,,,
93,bam,Rhoban/bam,actuators-sensors,A handy tool for characterizing actuator friction for better modeling for simulations.,https://github.com/Rhoban/bam,https://github.com/Rhoban/bam,,2024-03-26 13:00:35,2025-07-02 12:32:05,2025-07-02 12:32:01,346.0,5.0,10.0,7.0,5.0,,,117.0,,,,,,,,8.0,8,False,1.0,,,['mit'],
94,vector-ros,betab0t/vector_ros,ros,ROS package for Anki Vector home robot.,https://github.com/betab0t/vector_ros,https://github.com/betab0t/vector_ros,GPL-3.0,2019-01-13 16:59:40,2019-06-19 11:51:50,2019-06-19 11:51:49,76.0,,25.0,3.0,18.0,,,79.0,2019-02-20 12:56:22,1.0,,,1.0,,,,8,False,3.0,,,['ros'],
95,transact,transitiverobotics/transact,ros,An open-source robot fleet management dashboard.,https://github.com/transitiverobotics/transact,https://github.com/transitiverobotics/transact,Apache-2.0,2024-10-11 04:00:16,2025-06-19 01:15:35,2025-06-19 01:15:34,73.0,1.0,10.0,4.0,26.0,3.0,12.0,61.0,2025-01-23 19:34:03,1.0.0,,,1.0,,,2.0,8,False,3.0,,,"['ros', 'apache']",
96,urbanloco,weisongwen/UrbanLoco,datasets,Robotic car dataset providing sensor information as a ROS bag.,https://github.com/weisongwen/UrbanLoco,https://github.com/weisongwen/UrbanLoco,,2020-01-29 03:53:58,2025-01-15 13:17:44,2025-01-15 13:17:44,14.0,,40.0,8.0,,20.0,17.0,451.0,,,,,,,,3.0,7,False,1.0,,,,
97,cycloidal-generator,mawildoer/cycloidal_generator,manufacturing,A cycloidal reduction drive generator script for Autodesk Fusion360.,https://github.com/mawildoer/cycloidal_generator,https://github.com/mawildoer/cycloidal_generator,Unlicense,2018-10-28 05:22:02,2020-12-15 09:39:01,2020-12-15 09:39:00,14.0,,25.0,16.0,2.0,3.0,2.0,115.0,,,,,,,,3.0,7,False,3.0,,,,
98,makerspet-loki,makerspet/makerspet_loki,open-source-robots,A $100 open-source ROS2 home pet robot with 3D-printed design and micro-ROS on Arduino ESP32.,https://github.com/makerspet/makerspet_loki,https://github.com/makerspet/makerspet_loki,Apache-2.0,2023-09-07 22:51:44,2025-01-05 09:38:07,2025-01-05 09:38:07,170.0,,2.0,2.0,,,1.0,47.0,,,,,2.0,,,4.0,7,False,3.0,,,['apache'],
99,jupyterlab-urdf,ihuicatl/jupyterlab-urdf,ros,An extension to display URDF in JupyterLab.,https://github.com/IsabelParedes/jupyterlab-urdf,https://github.com/IsabelParedes/jupyterlab-urdf,BSD-3-Clause,2023-07-18 11:53:33,2025-07-30 11:45:46,2025-06-15 22:07:16,221.0,8.0,,,,,,2.0,,,,,,,,9.0,7,False,3.0,,,"['ros', 'python']",IsabelParedes/jupyterlab-urdf
100,robot-runner,S2-group/robot-runner,ros,Robot Runner (RR) is a tool to automatically execute measurement-based experiments on robotics software.,https://github.com/S2-group/robot-runner,https://github.com/S2-group/robot-runner,MIT,2020-04-06 14:40:57,2024-07-18 13:17:48,2023-05-30 11:33:52,114.0,,5.0,2.0,9.0,15.0,1.0,30.0,,,,,,,,5.0,6,False,3.0,,,['mit'],
101,morph,roaldlemmens/morph,open-source-robots,An affordable modular differential drive platform for open robotics development for hackers.,https://github.com/roaldlemmens/morph,https://github.com/roaldlemmens/morph,GPL-3.0,2017-07-19 17:54:14,2019-03-29 14:07:47,2019-03-29 14:07:09,15.0,,7.0,7.0,,4.0,2.0,45.0,,,,,,,,,5,False,3.0,,,['gpl'],
102,awesome-cloud-robotics,Airbotics/awesome-cloud-robotics,other,Awesome cloud robotics list.,https://github.com/Airbotics/awesome-cloud-robotics,https://github.com/Airbotics/awesome-cloud-robotics,,2023-04-05 11:20:42,2023-10-24 11:45:03,2023-04-06 15:55:27,1.0,,12.0,8.0,1.0,,,125.0,,,,,,,,,4,False,3.0,,,,
103,openarm,,open-source-robots,"A bimanual manipulator setup with a BOM cost of around $6,500 and 7 DoF and 6kg payload per arm.",,,,,,,,,,,,,,,,,,,,,,,0,False,,,,,
104,open-dynamic-robot-initiative,,open-source-robots,An Open Torque-Controlled Modular Robot Architecture for Legged Locomotion Research.,,,,,,,,,,,,,,,,,,,,,,,0,False,,,,,
105,openmv,,actuators-sensors,"The OpenMV project creates low-cost, extensible, Python powered, machine vision modules - the Arduino of Machine Vision.",,,,,,,,,,,,,,,,,,,,,,,0,False,,,,,
106,open-source-leg,,bionics,Open-source actuated leg prosthetics with a total cost of approx. $28.5k to produce.,,,,,,,,,,,,,,,,,,,,,,,0,False,,,,,
107,soft-robotics-toolkit,,soft-robotics,"The Soft Robotics Toolkit is a collection of shared resources to support the design, fabrication, modeling,..",,,,,,,,,,,,,,,,,,,,,,,0,False,,,,,
108,punyo,,soft-robotics,Soft Bubble Grippers for Robust and Perceptive Manipulation from Toyota Research Institute.,,,,,,,,,,,,,,,,,,,,,,,0,False,,,,,
109,linuxcnc,,manufacturing,"Open Source software that can drive milling machines, lathes, 3d printers, laser cutters, plasma cutters, robot arms,..",,,,,,,,,,,,,,,,,,,,,,,0,False,,,,,
110,freeloader,,manufacturing,"A low cost, desktop size, open source, universal testing machine, designed for inexpensive high-throughput material..",,,,,,,,,,,,,,,,,,,,,,,0,False,,,,,
111,kitti-vision-benchmark,,datasets,"Vision benchmark captured in Karlsruhe, contains data from LiDAR, GPS and stereo cameras.",,,,,,,,,,,,,,,,,,,,,,,0,False,,,,,
112,flir-thermal-dataset,,datasets,Synced annotated thermal imagery and non-annotated RGB imagery for reference for ADAS research. Contains over 14k..,,,,,,,,,,,,,,,,,,,,,,,0,False,,,,,
113,nuscenes,,datasets,"Autonomous vehicle dataset that includes approximately 1.4M camera images, 390k LIDAR sweeps, 1.4M RADAR sweeps and..",,,,,,,,,,,,,,,,,,,,,,,0,False,,,,,
114,uzh-fpv-drone-racing,,datasets,"Quadrotor racing dataset that contains information from event camera, RGB camera and groundtruth from Leica Nova MS60..",,,,,,,,,,,,,,,,,,,,,,,0,False,,,,,
115,partnet,,datasets,"A consistent, large-scale dataset of 3D objects annotated with fine-grained, instance-level, and hierarchical 3D part..",,,,,,,,,,,,,,,,,,,,,,,0,False,,,,,
116,utbm-robocar-dataset,,datasets,"A dataset containing a robotic car sensor data with 2 stereo cameras, 3 lidars, radar, GNSS receiver with RTK base..",,,,,,,,,,,,,,,,,,,,,,,0,False,,,,,
117,libre-dataset,,datasets,LiDAR Benchmark Reference dataset comparing 12 LiDAR models across various scenarios and conditions for self-driving..,,,,,,,,,,,,,,,,,,,,,,,0,False,,,,,
118,ustc-flicar-dataset,,datasets,A heavy-duty VTOL dataset captured by a robotic bucket truck.,,,,,,,,,,,,,,,,,,,,,,,0,False,,,,,
119,open-x-embodiment,,datasets,A large open-source real robot dataset with 1M+ real robot trajectories spanning 22 robot embodiments.,,,,,,,,,,,,,,,,,,,,,,,0,False,,,,,
120,l2d-dataset,,datasets,A huge dataset captured by driving schools in Germany for autonomous driving research.,,,,,,,,,,,,,,,,,,,,,,,0,False,,,,,
121,visual-servoing-platform,,libraries-frameworks,A cross-platform library that allows prototyping and developing applications using visual tracking and visual servoing..,,,,,,,,,,,,,,,,,,,,,,,0,False,,,,,
122,point-cloud-library,,libraries-frameworks,"Standalone, large scale, open project for 2D/3D image and point cloud processing.",,,,,,,,,,,,,,,,,,,,,,,0,False,,,,,
123,opencv,,libraries-frameworks,Open Source computer vision library.,,,,,,,,,,,,,,,,,,,,,,,0,False,,,,,
124,raisim,,libraries-frameworks,A physics for rigid-body dynamics simulation.,,,,,,,,,,,,,,,,,,,,,,,0,False,,,,,
125,evo,,libraries-frameworks,A Python package for the evaluation of odometry and SLAM.,,,,,,,,,,,,,,,,,,,,,,,0,False,,,,['python'],
126,mrpt,,libraries-frameworks,Mobile Robot Programming Toolkit provides developers with portable and well-tested applications and libraries covering..,,,,,,,,,,,,,,,,,,,,,,,0,False,,,,,
127,moos,,libraries-frameworks,A C++ cross platform middleware for robotics research.,,,,,,,,,,,,,,,,,,,,,,,0,False,,,,,
128,gmapping,,libraries-frameworks,GMapping is a highly efficient Rao-Blackwellized particle filter to learn grid maps from laser range data.,,,,,,,,,,,,,,,,,,,,,,,0,False,,,,,
129,tinyslam,,libraries-frameworks,"ROS implementation of tinySLAM, one of the simplest and lightweight SLAM methods.",,,,,,,,,,,,,,,,,,,,,,,0,False,,,,,
130,rtab-map,,libraries-frameworks,"RTAB-Map (Real-Time Appearance-Based Mapping) is a RGB-D, Stereo and Lidar Graph-Based SLAM approach.",,,,,,,,,,,,,,,,,,,,,,,0,False,,,,,
131,basalt,,libraries-frameworks,Library for visual-inertial odometry and mapping.,,,,,,,,,,,,,,,,,,,,,,,0,False,,,,,
132,v-rep,,simulators,A robot simulator with integrated development environment based on a distributed control architecture.,,,,,,,,,,,,,,,,,,,,,,,0,False,,,,,
133,argos,,simulators,ARGoS is a multi-physics robot simulator that can simulate large-scale swarms of robots efficiently.,,,,,,,,,,,,,,,,,,,,,,,0,False,,,,,
134,gazebo,,simulators,Open Source simulator that plays nicely with ROS developed by OSRF. Supports 4 physics engines.,,,,,,,,,,,,,,,,,,,,,,,0,False,,,,,
135,carla,,simulators,Open-source simulator for autonomous driving research.,,,,,,,,,,,,,,,,,,,,,,,0,False,,,,,
136,openrave,,simulators,"OpenRAVE provides an environment for testing, developing, and deploying motion planning algorithms in real-world..",,,,,,,,,,,,,,,,,,,,,,,0,False,,,,,
137,moos-ivp,,middleware,"MOOS-IvP is a set of open source C++ modules for providing autonomy on robotic platforms, particularly autonomous..",,,,,,,,,,,,,,,,,,,,,,,0,False,,,,,
138,viam,,middleware,"Viam is an open source software platform thats modular, pluggable, and designed to work with any hardware with..",,,,,,,,,,,,,,,,,,,,,,,0,False,,,,,
139,towr,,ros,"A light-weight, Eigen-based C++ library for trajectory optimization for legged robots.",,,,,,,,,,,,,,,,,,,,,,,0,False,,,,"['ros', 'cpp']",
140,rosflight,,ros,"ROSflight is an autopilot system designed from the ground up with researchers in mind, and for easy integration with..",,,,,,,,,,,,,,,,,,,,,,,0,False,,,,,
141,autoware,,ros,The Autoware Foundation is a non-profit organization supporting open-source projects enabling self-driving mobility.,,,,,,,,,,,,,,,,,,,,,,,0,False,,,,,
142,ros-industrial,,ros,ROS-Industrial is an open-source project that extends the advanced capabilities of ROS software to industrial relevant..,,,,,,,,,,,,,,,,,,,,,,,0,False,,,,,
143,vesc,,motor-control,An open source ESC project commonly used in electronics skateboard community and robotics projects like MIT RACECAR..,,,,,,,,,,,,,,,,,,,,,,,0,False,,,,,
144,odrive,,motor-control,A hobby motor for robotics. Can control two motors at the same time.,,,,,,,,,,,,,,,,,,,,,,,0,False,,,,,
145,simplefoc,,motor-control,Arduino Compatible Open Source Field Oriented Control (FOC) project.,,,,,,,,,,,,,,,,,,,,,,,0,False,,,,,
146,slam-for-dummies,,education,Introductory document to SLAM and Extended Kalman Filter with example C++ implementation source code.,,,,,,,,,,,,,,,,,,,,,,,0,False,,,,,
147,practical-deep-learning,,education,Free course on neural networks from fast.ai with 14 lessons.,,,,,,,,,,,,,,,,,,,,,,,0,False,,,,,
148,calibration-desk-reference,,education,An 80 page long document on sensor calibration from Tangram Vision.,,,,,,,,,,,,,,,,,,,,,,,0,False,,,,,
149,elements-of-robotics,,education,"Open access book on robotics, directed towards beginners with many algorithmic activities and exercises.",,,,,,,,,,,,,,,,,,,,,,,0,False,,,,,
150,foundations-of-robotics,,education,"An Open-access book on robotics, rather for beginners.",,,,,,,,,,,,,,,,,,,,,,,0,False,,,,,
151,flying-planes-with-javascript,,education,Tutorials on integrating with Microsoft Flight Simulator 2020 API that ends with developing some autopilot-like..,,,,,,,,,,,,,,,,,,,,,,,0,False,,,,,
152,ai-gaming-rules,,other,Examples of AI Gaming the Rules - spreadsheet containing lots of information about algorithms pausing simulation to..,,,,,,,,,,,,,,,,,,,,,,,0,False,,,,,
153,osrtos,,other,A list of open source Real Time Operating Systems (RTOS).,,,,,,,,,,,,,,,,,,,,,,,0,False,,,,,
154,haptipedia,,other,"An online, open-source, visualization of a growing database of 105+ haptic devices invented since 1992.",,,,,,,,,,,,,,,,,,,,,,,0,False,,,,,
155,board-db,,other,A searchable database of single board computers.,,,,,,,,,,,,,,,,,,,,,,,0,False,,,,,
156,fast-introduction-to-robotics,,other,A hand-picked selection of Robotics resources covering robotics from various angles.,,,,,,,,,,,,,,,,,,,,,,,0,False,,,,,
157,ai-incident-database,,other,A well documented database of AI incidents.,,,,,,,,,,,,,,,,,,,,,,,0,False,,,,,
158,control-challenges,,other,A set of control challenges that you can solve in the browser using Javascript.,,,,,,,,,,,,,,,,,,,,,,,0,False,,,,,
159,robotics-conferences,,other,Lists of robotics-related conferences and summer/winter schools.,,,,,,,,,,,,,,,,,,,,,,,0,False,,,,,
160,arduino-library,,other,A library of thousands of Arduino libraries that contains powerful search capabilities.,,,,,,,,,,,,,,,,,,,,,,,0,False,,,,,
161,makani-documentary,,other,"Pulling Power from the Sky: The Story of Makani - A documentary on Makani, a company that was producing energy from..",,,,,,,,,,,,,,,,,,,,,,,0,False,,,,,
162,robot-revolution-documentary,,other,How to Start a Robot Revolution - a Red Hat documentary on ROS.,,,,,,,,,,,,,,,,,,,,,,,0,False,,,,,
